company_name,cash_from_operations_cr,free_cash_flow_cr,capex_cr
Tata Consultancy Services Ltd,44338.0,50429.0,2.528508507926756
"Reliance Industries Ltd
",158788.0,45207.0,12.633572884885117
Tata Motors Ltd,67915.0,45133.0,5.2022250232915
Oil & Natural Gas Corpn Ltd,99263.0,42060.0,9.672537521390066
"Indian Oil Corporation
",71099.0,39635.0,4.052800791393595
HDFC Bank Ltd,19069.0,35669.0,5.852303374945795
Bharti Airtel Ltd,78898.0,27809.0,34.063420943846594
Bharat Petroleum Corporation Ltd,35936.0,25415.0,2.3480024906099985
Power Grid Corporation of India Ltd,37290.0,24176.0,28.606330301245553
Power Grid Corporation of India Ltd,37290.0,24176.0,28.606330301245553
Larsen & Toubro Ltd,18266.0,20445.0,0.9854689683555468
Infosys Ltd,25210.0,20117.0,3.314244810307802
"ITC Ltd
",17179.0,18742.0,2.205571077808822
,19930.0,18536.0,1.3887781939905954
Adani Power Ltd,14170.0,17651.0,6.9134674584417395
HCL Technologies Ltd,22448.0,15840.0,6.012027694631208
Coal India Ltd,18103.0,13617.0,3.151963126387679
Canara Bank,15046.0,13296.0,1.583438141857961
ICICI Bank Ltd,157284.0,12547.0,90.7350986734873
Sun Pharmaceuticals Industries Ltd,12135.0,11372.0,1.5732931933934058
"Hindustan Unilever Ltd
",15469.0,10145.0,8.601525138942742
Hindalco Industries Ltd,24056.0,9789.0,6.6062548040859035
Interglobe Aviation Ltd,21183.0,9424.0,17.065772669220944
NTPC Ltd,40785.0,8644.0,18.00606159069137
"Adani Ports & Special Economic Zone Ltd
",15018.0,8250.0,25.337875781513237
"Adani Ports & Special Economic Zone Ltd
",15018.0,8250.0,25.337875781513237
Indian Railway Finance Corporation Ltd,7914.0,7906.0,0.030024394820791892
"Kotak Mahindra Bank Ltd
",15685.0,6766.0,15.859665344879707
Bajaj Auto Ltd,6558.0,6486.0,0.16046356139959886
Bajaj Auto Ltd,6558.0,6486.0,0.16046356139959886
"Tata Steel Ltd
",20301.0,6048.0,6.219373306395661
Tech Mahindra Ltd,6376.0,5058.0,2.5348103700284637
Tech Mahindra Ltd,6376.0,5058.0,2.5348103700284637
Maruti Suzuki India Ltd,16801.0,4936.0,8.363997800617518
GAIL (India) Ltd,12586.0,4360.0,6.174377758429158
"Tata Power Company Ltd
",12596.0,3569.0,14.69023092320461
"Asian Paints
Indian Multi-National Paint and Coating Manufacturing Company",6104.0,3556.0,7.17847584166784
"Asian Paints
Indian Multi-National Paint and Coating Manufacturing Company",6104.0,3556.0,7.17847584166784
Torrent Pharmaceuticals Ltd,3266.0,3106.0,1.4914243102162565
"Hero MotoCorp Ltd
",4923.0,3095.0,4.8373865410569215
Britannia Industries Ltd,2573.0,3050.0,2.844534557815016
Nestle India Ltd,4175.0,2938.0,5.070919078461917
,10898.0,2109.0,12.394934281040221
Shree Cement Ltd,3347.0,1929.0,6.9099946396374445
Hindustan Aeronautics Ltd,8226.0,1814.0,21.105296073203647
LTIMindtree Ltd,5670.0,1752.0,11.031337106174508
Bosch Ltd,1253.0,1536.0,1.6918754110121361
"Titan Company Ltd
",1695.0,1506.0,0.36997885835095135
Bajaj Holdings & Investment Ltd,1941.0,1469.0,27.73207990599295
Siemens Ltd,1670.0,1168.0,2.2571942446043165
"Cipla Ltd
",4134.0,1152.0,11.569799022270505
Abbott India Ltd,6038.0,1095.0,84.51017267909045
Adani Energy Solutions Ltd,6038.0,1095.0,29.764557114469802
Dabur India Ltd,2013.0,1042.0,7.828119961302805
DLF Ltd,2539.0,1010.0,23.79025984129454
Divis Laboratories Ltd,1261.0,992.0,3.4289356277884
"NHPC Ltd
",6938.0,970.0,61.96013289036545
Pidilite Industries Ltd,2724.0,955.0,14.285714285714285
Samvardhana Motherson International Ltd,7569.0,925.0,6.732055283102987
Eicher Motors Ltd,3724.0,890.0,17.138364779874212
Life Insurance Corporation of India,26122.0,853.0,2.986999477520373
Trent Ltd,1349.0,841.0,4.105050505050505
Abbott India Ltd,1213.0,797.0,7.112326893486067
Jio Financial Services Ltd,-678.0,763.0,77.68194070080862
Indian Railway Catering & Tourism Corporation Ltd,882.0,667.0,5.035128805620609
Dr Reddys Laboratories Ltd,4543.0,509.0,14.401485130841454
ICICI Lombard General Insurance Company Ltd,2407.0,486.0,9.37667789329819
"Apollo Hospitals
Chain of Indian private hospitals",1920.0,383.0,8.064431502177449
Havells India Ltd,1953.0,335.0,8.703604088219473
Avenue Supermarts Ltd,2746.0,278.0,4.8593199314812265
ICICI Prudential Life Insurance Company Ltd,-7315.0,105.0,8.216417331989769
Tata Consumer Products Ltd,1937.0,26.0,12.567407602262264
Info Edge (India) Ltd,702.0,-150.0,33.59621451104101
Macrotech Developers Ltd,2512.0,-435.0,28.567274137262505
Bharat Electronics Ltd,4659.0,-1265.0,29.228340240773633
Godrej Consumer Products Ltd,2070.0,-1365.0,24.36861520998865
JSW Energy Ltd,6234.0,-1963.0,71.36514017064252
SBI Life Insurance Company Ltd,29122.0,-2099.0,23.6544231293754
TVS Motor Company Ltd,-1253.0,-2254.0,2.557159279601482
Jindal Steel & Power Ltd,6008.0,-2336.0,16.570679588513325
"Bharat Heavy Electricals Limited
",-3713.0,-2382.0,5.570669233666764
JSW Steel Ltd,12078.0,-2389.0,8.266573717472543
HDFC Life Insurance Company Ltd,10721.0,-2893.0,13.41518692970182
Ambuja Cements Ltd,5646.0,-3295.0,26.963208685162847
Bank of Baroda,-6274.0,-7559.0,1.0854965830088108
Adani Enterprises Ltd,10312.0,-8455.0,19.463602327293845
"Mahindra & Mahindra Ltd
",-5630.0,-11245.0,4.0373028084959515
Adani Green Energy Ltd,7713.0,-13347.0,228.4164859002169
Axis Bank Ltd,-5555.0,-14556.0,8.229937185125584
IndusInd Bank Ltd,-16843.0,-17468.0,1.3661799422925593
Punjab National Bank,-27939.0,-29445.0,1.3808279466373263
Punjab National Bank,-27939.0,-29445.0,1.3808279466373263
Punjab National Bank,-27939.0,-29445.0,1.3808279466373263
Punjab National Bank,-27939.0,-29445.0,1.3808279466373263
Punjab National Bank,-27939.0,-29445.0,1.3808279466373263
"Shriram Finance Ltd
",-31101.0,-31359.0,0.7090249532813014
Grasim Industries Ltd,-10719.0,-33833.0,17.647238467528897
Cholamandalam Investment & Finance Company Ltd,-35683.0,-38538.0,14.898502322183374
REC Ltd,-57723.0,-59554.0,3.8533577456489256
Bajaj Finserv Ltd,-68674.0,-79634.0,9.929155115870342
Bajaj Finance Ltd,-72760.0,-79931.0,13.044822818889617
Power Finance Corporation Ltd,-97820.0,-101229.0,3.7253573458058313
